Id,PC1,PC2,PC3,label
AGUA_M94_O1_0930,-44.6548545,-38.95689763,4.697444744,WATER
GLY70_M10_O1_1017,38.48072013,31.0296041,5.429468655,GLY70
GLY60_M12_O1_1013,-4.70612011,33.94659781,-1.496841293,GLY60
GLY70_M22_O1_1017,41.40053666,26.18906883,0.268364633,GLY70
GLY50_M51_O1_1010,-27.24895741,23.30944993,-4.595227609,GLY50
AGUA_M98_O1_0930,-43.21902764,-38.73755555,3.244837459,WATER
GLY10_M29_O1_0930,-44.71356377,-30.58558261,1.713533981,GLY10
GLY60_M30_O1_1014,-6.266786334,33.00242428,-1.384676529,GLY60
GLY70_M69_O1_1017,46.37783352,26.25890178,0.194944803,GLY70
GLY70_M90_O1_1018,36.63525808,31.24509581,5.500640957,GLY70
GLY10_M93_O1_1003,-33.30349629,-29.31891991,-5.289130043,GLY10
GLY30_M8_O1_1004,-39.43974264,-6.822228801,-6.989695627,GLY30
GLY70_M18_O1_1017,37.08075792,31.11499943,5.407817434,GLY70
GLY50_M72_O1_1013,-28.62832778,28.05695491,-2.87740545,GLY50
GLY40_M10_O1_1006,-34.69404702,9.684459915,-10.20785434,GLY40
GLY40_M100_O1_1007,-30.24506207,8.969257168,-13.52430393,GLY40
GLY70_M75_O1_1018,42.72853022,29.99105208,5.386604387,GLY70
GLY80_M70_O1_1025,82.88931661,15.54653395,2.491295408,GLY80
GLY70_M3_O1_1017,31.88507505,31.45935468,3.541116614,GLY70
GLY30_M1_O1_1004,-37.60453222,-4.916633449,-8.332336449,GLY30
AIRE_M94_O1_1021,171.0170159,-34.18770988,-4.045391197,AIR
GLY20_M33_O1_1003,-34.40965251,-16.50207045,-7.443954917,GLY20
GLY40_M50_O1_1007,-30.75912805,10.53227553,-11.45719349,GLY40
GLY20_M31_O1_0930,-46.61956882,-19.36590905,-0.969250024,GLY20
GLY70_M15_O1_1017,42.70965222,30.09516973,4.71071383,GLY70
GLY50_M32_O1_1010,-17.87265499,21.67051992,-9.269824213,GLY50
GLY20_M37_O1_1003,-43.78714294,-19.68588606,-2.435507707,GLY20
GLY10_M55_O1_0930,-55.76870552,-33.48020933,9.892446586,GLY10
GLY30_M43_O1_1004,-37.50955041,-5.99797346,-8.427004315,GLY30
GLY50_M58_O1_1010,-25.77488723,24.05716734,-4.799200257,GLY50
GLY80_M39_O1_1021,89.33100196,11.46795124,-0.500335594,GLY80
GLY80_M99_O1_1025,85.87092169,13.93524385,3.976070715,GLY80
GLY20_M10_O1_0930,-46.25224036,-18.91054355,0.034228823,GLY20
AGUA_M99_O1_0930,-41.19641681,-38.28806545,2.283931678,WATER
GLY50_M45_O1_1010,-26.31514748,23.86907841,-4.725251729,GLY50
GLY30_M27_O1_1004,-38.28004535,-6.065228459,-8.82325288,GLY30
GLY20_M92_O1_1004,-38.65247536,-18.87448311,-5.153072554,GLY20
GLY50_M44_O1_1010,-21.33242253,24.41388571,-6.455565904,GLY50
GLY10_M15_O1_0930,-48.67208382,-32.52205463,4.665626053,GLY10
AIRE_M42_O1_1004,173.685869,-36.15414788,-3.801660756,AIR
GLY80_M77_O1_1025,79.62978746,17.13066918,3.357092901,GLY80
GLY30_M38_O1_1004,-46.04987277,-8.056818989,-3.973267389,GLY30
GLY60_M97_O1_1014,2.590777282,33.83355555,-0.557741024,GLY60
GLY40_M11_O1_1006,-40.3574311,8.207463077,-7.597344432,GLY40
GLY50_M43_O1_1010,-22.1200053,25.45994637,-5.03644847,GLY50
GLY80_M56_O1_1021,82.0292578,14.66627633,0.25683762,GLY80
GLY30_M37_O1_1004,-48.69244419,-9.216486028,-1.844210334,GLY30
GLY10_M2_O1_0930,-53.27660179,-33.56819125,8.456629648,GLY10
AIRE_M71_O1_1013,162.4725214,-30.73616644,1.092745986,AIR
GLY20_M75_O1_1004,-37.67339341,-18.57338089,-5.101567166,GLY20
GLY60_M82_O1_1014,2.139052138,34.43098051,-0.496452536,GLY60
GLY10_M96_O1_1003,-36.47104046,-30.70552722,-3.572561823,GLY10
GLY70_M55_O1_1017,50.64058311,24.66592665,0.349541023,GLY70
GLY30_M86_O1_1005,-33.48916802,-2.510504291,-11.05610313,GLY30
AGUA_M88_O1_0929,-40.65897134,-39.1550465,2.647635648,WATER
GLY50_M35_O1_1010,-16.08675126,21.81707545,-9.912720331,GLY50
AGUA_M25_O1_0928,-47.66359623,-38.04105003,8.587805978,WATER
GLY70_M63_O1_1017,41.33386679,27.80832066,1.698764854,GLY70
GLY20_M24_O1_0930,-43.73633833,-16.96152991,-3.229130706,GLY20
GLY50_M33_O1_1010,-16.67265069,21.99007484,-9.422959586,GLY50
GLY40_M67_O1_1007,-42.46059441,8.993912907,-6.740294778,GLY40
GLY60_M59_O1_1014,-6.412675507,33.85873781,0.171907195,GLY60
GLY30_M55_O1_1004,-37.68748014,-6.364254066,-8.591060084,GLY30
GLY60_M46_O1_1014,-12.39875865,33.38147071,0.495473855,GLY60
GLY10_M44_O1_0930,-46.66727062,-29.45211236,2.281464218,GLY10
GLY50_M92_O1_1013,-27.59331265,30.27105362,-2.717932274,GLY50
GLY70_M65_O1_1017,39.85707841,27.27551787,1.161895161,GLY70
GLY30_M67_O1_1005,-41.43113097,-6.877175365,-8.067487383,GLY30
GLY20_M14_O1_0930,-38.28654002,-16.2313274,-5.153899762,GLY20
GLY80_M33_O1_1021,81.5609423,15.04918198,0.840060902,GLY80
GLY70_M31_O1_1017,44.53946491,25.75873058,-0.074497716,GLY70
AGUA_M7_O1_0928,-51.6922685,-36.10168641,11.49603818,WATER
GLY20_M65_O1_1004,-36.80028313,-18.50586911,-6.011295884,GLY20
GLY30_M65_O1_1005,-40.03882262,-4.064440871,-8.782038014,GLY30
GLY10_M58_O1_0930,-49.14678835,-28.59740507,4.364085624,GLY10
GLY20_M26_O1_0930,-42.13418693,-16.94220183,-3.713413692,GLY20
GLY80_M21_O1_1018,74.20071207,17.92308066,2.724665903,GLY80
GLY40_M45_O1_1007,-41.84693349,7.324522473,-7.066512169,GLY40
GLY50_M81_O1_1013,-29.65460787,27.19732903,-3.294441879,GLY50
GLY40_M74_O1_1007,-28.77648193,11.22110651,-12.52532263,GLY40
GLY10_M13_O1_0930,-43.27872753,-32.92560132,1.69403681,GLY10
GLY40_M19_O1_1006,-39.38100041,9.801814331,-7.726788855,GLY40
GLY50_M53_O1_1010,-19.60677935,23.99292542,-7.218276882,GLY50
GLY50_M96_O1_1013,-30.82466256,27.37552992,-2.930694494,GLY50
GLY80_M84_O1_1025,88.48775582,12.61447235,3.490582526,GLY80
AGUA_M9_O1_0928,-51.10395925,-36.63358006,11.85152816,WATER
GLY50_M71_O1_1013,-25.85285846,29.39820903,-3.005969487,GLY50
AIRE_M21_O1_1003,172.8101155,-34.46527158,-5.189722354,AIR
GLY50_M34_O1_1010,-12.07877593,22.29469448,-11.01136127,GLY50
GLY60_M90_O1_1014,-4.362942404,33.75648004,-0.2384143,GLY60
GLY50_M40_O1_1010,-22.84539879,24.53353176,-5.137353417,GLY50
GLY40_M26_O1_1006,-41.23448961,6.980464087,-7.556150432,GLY40
GLY20_M52_O1_1003,-36.0409869,-16.25588394,-6.404379857,GLY20
GLY70_M24_O1_1017,46.02336834,25.76889886,-0.66942492,GLY70
GLY70_M92_O1_1018,38.91611341,30.9504106,5.636926206,GLY70
GLY60_M74_O1_1014,-10.61965339,33.51165631,-0.039131361,GLY60
GLY50_M49_O1_1010,-31.22943724,23.49894808,-2.341529935,GLY50
GLY10_M61_O1_0930,-50.24064066,-32.36664272,6.807511399,GLY10
GLY70_M12_O1_1017,39.73093527,30.53362089,4.680395344,GLY70
GLY80_M72_O1_1025,77.34877054,17.51676961,2.491746966,GLY80
GLY60_M68_O1_1014,1.158850595,34.14031212,-0.499323049,GLY60
GLY30_M96_O1_1005,-39.36192282,-4.932888777,-8.265948881,GLY30
GLY50_M64_O1_1010,-21.95586816,25.96890874,-5.098748798,GLY50
GLY70_M21_O1_1017,46.22111661,25.1170923,-0.577638315,GLY70
GLY60_M9_O1_1013,-0.718297805,33.72098051,-2.376185458,GLY60
GLY60_M26_O1_1014,2.826497723,33.90841973,-1.816235123,GLY60
GLY80_M34_O1_1021,81.81802131,14.39462458,1.097237817,GLY80
GLY10_M52_O1_0930,-41.01559641,-29.17956141,-0.404217148,GLY10
GLY10_M77_O1_1003,-32.9438544,-29.38865041,-5.823305295,GLY10
GLY40_M41_O1_1007,-34.35420041,10.40068795,-10.39643186,GLY40
GLY50_M62_O1_1010,-14.13379941,24.92043509,-8.260068841,GLY50
GLY20_M68_O1_1004,-39.68044191,-19.69206642,-4.399128155,GLY20
GLY60_M53_O1_1014,2.49073216,34.64050614,-0.14804237,GLY60
GLY30_M76_O1_1005,-38.91767293,-5.084962981,-8.442265277,GLY30
GLY10_M99_O1_1003,-39.58980453,-29.00786685,-0.584764141,GLY10
AIRE_M15_O1_0930,169.8805607,-32.20072826,-2.426603623,AIR
GLY10_M48_O1_0930,-42.44131519,-29.81630704,-0.08802757,GLY10
GLY40_M96_O1_1007,-28.1426582,11.37509792,-13.44845148,GLY40
GLY80_M61_O1_1025,80.77622089,16.08415829,2.866244827,GLY80
GLY10_M50_O1_0930,-42.11604496,-29.99494912,0.452376824,GLY10
AGUA_M18_O1_0928,-46.09974727,-34.47965544,8.278573622,WATER
GLY50_M67_O1_1010,-20.69853643,25.63328427,-5.923853596,GLY50
GLY10_M10_O1_0930,-46.06681038,-33.76989459,2.940805254,GLY10
AIRE_M47_O1_1005,173.9750128,-38.45337229,-3.204879056,AIR
GLY40_M44_O1_1007,-42.79322996,7.817922599,-5.683759636,GLY40
GLY10_M42_O1_0930,-48.98711874,-30.73716153,4.624208289,GLY10
GLY80_M41_O1_1021,86.81325245,13.34051489,0.055477627,GLY80
GLY50_M31_O1_1010,-15.12834886,21.91522938,-10.38641862,GLY50
GLY20_M46_O1_1003,-40.2108026,-16.4369301,-3.29149038,GLY20
GLY50_M73_O1_1013,-25.31749349,28.59142122,-3.838133557,GLY50
GLY80_M92_O1_1025,76.46427664,17.40866807,4.170367705,GLY80
GLY60_M5_O1_1013,-3.350421313,34.00784642,-1.447004598,GLY60
GLY50_M66_O1_1010,-22.5986245,25.81353346,-5.03840181,GLY50
GLY40_M27_O1_1006,-38.98823007,7.716304749,-9.132130711,GLY40
GLY40_M95_O1_1007,-32.67060595,9.955465624,-11.50430033,GLY40
AGUA_M36_O1_0928,-54.66122056,-39.39068476,14.04512369,WATER
GLY10_M24_O1_0930,-44.01658974,-30.95655888,0.483908632,GLY10
GLY50_M98_O1_1013,-29.75383702,27.32234471,-3.310820017,GLY50
AIRE_M35_O1_1003,172.4788071,-34.25364794,-2.789592574,AIR
GLY40_M56_O1_1007,-37.16940435,11.35394783,-8.432385256,GLY40
GLY70_M60_O1_1017,40.38107205,27.05062869,1.20706909,GLY70
AIRE_M45_O1_1004,172.9536626,-36.23537873,-2.905989448,AIR
GLY80_M98_O1_1025,85.83590489,14.35019685,4.073451125,GLY80
AGUA_M68_O1_0929,-47.05304861,-40.08428285,6.338818414,WATER
AGUA_M5_O1_0928,-49.38372615,-36.18943689,8.801919073,WATER
GLY70_M50_O1_1017,44.84130025,26.13778427,1.022746223,GLY70
GLY70_M45_O1_1017,41.85604322,26.16858648,-0.548039587,GLY70
GLY70_M44_O1_1017,43.03299974,26.04133475,-0.105354008,GLY70
GLY60_M16_O1_1013,-4.251800714,33.71616857,-1.50626177,GLY60
GLY50_M3_O1_1010,-20.02492534,22.51454992,-8.396566209,GLY50
GLY60_M50_O1_1014,2.072531651,33.93323893,-1.794681477,GLY60
GLY30_M93_O1_1005,-35.54113812,-5.344974518,-10.70058968,GLY30
GLY80_M36_O1_1021,85.37808043,13.28651142,-0.47416861,GLY80
GLY40_M8_O1_1006,-40.16039375,7.392901373,-7.991866457,GLY40
AIRE_M28_O1_1003,172.0712336,-35.32176916,-2.627573651,AIR
GLY40_M75_O1_1007,-28.85516017,11.10846769,-12.68147484,GLY40
GLY50_M38_O1_1010,-22.13234062,24.05252705,-6.000247614,GLY50
GLY20_M99_O1_1004,-33.3411892,-14.40328383,-8.677350064,GLY20
AIRE_M86_O1_1017,169.4724236,-33.61289332,-2.619970238,AIR
GLY80_M35_O1_1021,82.86829522,14.55026685,0.234464769,GLY80
GLY70_M38_O1_1017,38.92223963,26.7696342,0.209298511,GLY70
GLY70_M71_O1_1018,42.36027592,25.98177395,0.769978188,GLY70
GLY60_M56_O1_1014,2.174092728,34.28133525,-0.373751422,GLY60
AIRE_M2_O1_0928,163.2846607,-30.21021455,-0.437042251,AIR
GLY10_M90_O1_1003,-37.30558023,-30.33796779,-2.591503713,GLY10
GLY10_M9_O1_0930,-40.88362644,-31.68731742,-0.221027216,GLY10
GLY70_M81_O1_1018,37.30779467,31.79431174,6.077148962,GLY70
GLY20_M49_O1_1003,-43.11452274,-16.8613699,-2.767875339,GLY20
GLY70_M27_O1_1017,41.36304409,26.48946308,0.027962882,GLY70
GLY50_M60_O1_1010,-21.11569413,24.27366832,-6.530532447,GLY50
AIRE_M1_O1_0928,164.5481952,-31.78852491,0.199071407,AIR
GLY10_M76_O1_1003,-36.49924525,-29.74285609,-4.047545544,GLY10
GLY40_M78_O1_1007,-31.92600933,10.80903451,-11.3426486,GLY40
AGUA_M10_O1_0928,-48.17962783,-34.98181729,8.956567291,WATER
GLY70_M61_O1_1017,40.28058783,27.98829529,1.239596139,GLY70
GLY80_M44_O1_1021,83.55717377,13.96597007,0.345150703,GLY80
GLY80_M53_O1_1021,83.87514467,14.03553896,-0.202841011,GLY80
AIRE_M17_O1_0930,170.6459826,-34.95279086,-3.052214137,AIR
GLY20_M95_O1_1004,-49.03310924,-21.34966737,0.846247121,GLY20
AIRE_M62_O1_1007,170.4895957,-35.90855414,-2.352954057,AIR
GLY30_M23_O1_1004,-37.98392901,-4.341288862,-8.568836296,GLY30
GLY20_M42_O1_1003,-42.51833187,-18.67580079,-2.906326274,GLY20
GLY50_M50_O1_1010,-19.20801178,24.36508775,-7.218931491,GLY50
GLY30_M12_O1_1004,-43.0728972,-8.898553886,-4.927644782,GLY30
GLY60_M45_O1_1014,4.847778231,33.44656793,-2.134038168,GLY60
AIRE_M98_O1_1025,169.4242218,-34.34643428,-0.936692806,AIR
GLY70_M5_O1_1017,48.26259379,27.76321169,2.94495534,GLY70
GLY80_M45_O1_1021,86.68363445,13.19716349,0.047381508,GLY80
GLY40_M13_O1_1006,-34.51726736,9.600901243,-10.56105851,GLY40
GLY30_M71_O1_1005,-37.81385456,-6.084301117,-8.761157293,GLY30
AGUA_M60_O1_0928,-56.71553424,-40.29587521,16.22030426,WATER
GLY40_M4_O1_1006,-35.61825428,8.390424741,-10.29270693,GLY40
GLY80_M2_O1_1018,78.43189377,16.68322889,4.466564467,GLY80
GLY40_M65_O1_1007,-31.5786721,10.27806965,-12.30449655,GLY40
AGUA_M48_O1_0928,-50.71900041,-37.750108,10.801294,WATER
GLY60_M7_O1_1013,0.570956429,33.8957372,-1.903673626,GLY60
GLY80_M65_O1_1025,79.71603867,16.55350506,2.563952172,GLY80
GLY20_M4_O1_0930,-48.29980565,-19.24521511,0.83684597,GLY20
GLY40_M93_O1_1007,-34.03168723,10.14505679,-11.12458513,GLY40
GLY10_M65_O1_0930,-36.87221394,-27.72601572,-3.190711387,GLY10
GLY40_M14_O1_1006,-36.18520123,8.761705893,-9.708682766,GLY40
GLY30_M61_O1_1005,-42.51622896,-5.655208825,-7.090854525,GLY30
GLY50_M74_O1_1013,-33.54811105,28.37620845,-1.020857366,GLY50
GLY20_M20_O1_0930,-44.49276465,-15.65081362,-2.271729743,GLY20
GLY10_M53_O1_0930,-40.27092463,-29.08548089,-0.910383369,GLY10
GLY80_M14_O1_1018,74.8251514,17.14766317,3.436326209,GLY80
AIRE_M41_O1_1004,174.7648943,-36.44387138,-3.285642725,AIR
GLY70_M99_O1_1018,28.92300491,32.86583772,6.869538238,GLY70
GLY30_M63_O1_1005,-40.33783975,-5.304350701,-8.063100322,GLY30
GLY20_M88_O1_1004,-41.81201986,-19.58304078,-3.074395022,GLY20
GLY20_M57_O1_1003,-38.95288747,-18.53568742,-5.099441744,GLY20
AIRE_M34_O1_1003,171.0913018,-35.0423368,-1.849365099,AIR
GLY60_M15_O1_1013,1.86186854,33.72490503,-2.49248277,GLY60
AGUA_M31_O1_0928,-47.80098176,-38.54794922,9.217598635,WATER
GLY50_M56_O1_1010,-22.97762252,23.47399628,-6.014517211,GLY50
GLY30_M7_O1_1004,-38.22146194,-6.274144641,-7.504081624,GLY30
GLY80_M76_O1_1025,77.77726415,17.55046293,3.680313687,GLY80
GLY70_M19_O1_1017,45.72565599,25.79442209,0.161295351,GLY70
GLY50_M80_O1_1013,-22.89157832,27.958288,-5.391448965,GLY50
GLY70_M73_O1_1018,40.80692239,26.95612799,2.310042026,GLY70
AGUA_M14_O1_0928,-52.57480764,-37.05974428,12.59679273,WATER
GLY20_M58_O1_1003,-33.22602745,-14.05573577,-9.109358606,GLY20
GLY20_M32_O1_1003,-37.30353873,-16.66662796,-6.889322311,GLY20
AIRE_M46_O1_1004,173.4499768,-36.28461792,-3.608142676,AIR
GLY60_M33_O1_1014,-10.25209554,33.10600322,-0.313460822,GLY60
GLY80_M58_O1_1021,83.1826667,14.12056429,0.664981932,GLY80
AGUA_M23_O1_0928,-44.19697261,-36.90721573,6.128330904,WATER
GLY50_M25_O1_1010,-25.41352984,19.64369849,-7.313248642,GLY50
GLY70_M64_O1_1017,42.21034531,26.66273132,0.61029109,GLY70
GLY40_M33_O1_1006,-36.02154336,7.752882347,-10.6219432,GLY40
GLY20_M56_O1_1003,-45.18647322,-19.0476823,-0.741422498,GLY20
GLY50_M68_O1_1010,-21.51259506,24.43394252,-6.400253679,GLY50
AGUA_M11_O1_0928,-52.54656029,-36.65659421,12.16855657,WATER
GLY80_M25_O1_1018,79.9007738,15.74129146,3.14365383,GLY80
GLY60_M67_O1_1014,-3.7743951,34.31896718,0.20083895,GLY60
AGUA_M53_O1_0928,-52.40070069,-37.73305554,11.87083602,WATER
GLY60_M69_O1_1014,-4.193490398,34.10992003,-0.462374184,GLY60
GLY30_M94_O1_1005,-36.07360648,-5.763343963,-9.431565592,GLY30
GLY20_M39_O1_1003,-36.66272676,-15.21215382,-6.801435733,GLY20
AGUA_M65_O1_0929,-42.54764905,-38.27226194,2.377314751,WATER
GLY20_M63_O1_1004,-34.77979194,-18.15648857,-7.805768189,GLY20
GLY60_M52_O1_1014,-8.1943057,34.32917621,0.76144182,GLY60
GLY10_M40_O1_0930,-41.98731047,-28.80421643,-0.749913367,GLY10
GLY70_M49_O1_1017,48.24030953,25.94697513,0.262815533,GLY70
AIRE_M43_O1_1004,173.3425956,-38.22910758,-3.608494172,AIR
GLY30_M78_O1_1005,-38.45391194,-5.7641829,-8.279686189,GLY30
GLY30_M92_O1_1005,-35.80856198,-5.712803939,-9.649825467,GLY30
GLY60_M72_O1_1014,-5.649696834,33.77726976,-0.190534008,GLY60
AIRE_M30_O1_1003,171.0320112,-34.06440972,-2.16886224,AIR
GLY40_M86_O1_1007,-44.45569595,6.634223528,-6.229594657,GLY40
GLY70_M86_O1_1018,35.22024882,31.55649417,4.772740806,GLY70
AGUA_M59_O1_0928,-49.13642061,-36.81298142,9.43592368,WATER
GLY60_M78_O1_1014,-5.639084632,33.71531254,-0.263860549,GLY60
GLY10_M11_O1_0930,-43.50153554,-32.28427309,1.495330645,GLY10
AIRE_M50_O1_1005,173.820003,-38.44872799,-2.590844094,AIR
GLY30_M6_O1_1004,-38.34500678,-5.666066422,-6.782049922,GLY30
GLY60_M51_O1_1014,5.792173152,33.57382162,-2.033250229,GLY60
GLY30_M79_O1_1005,-39.94764273,-6.44111916,-7.714794811,GLY30
GLY80_M97_O1_1025,80.07047847,16.52229757,4.107306599,GLY80
GLY40_M3_O1_1006,-39.84505985,6.919573499,-7.983953975,GLY40
GLY60_M11_O1_1013,-4.919930693,33.22463721,-1.597274499,GLY60
GLY10_M63_O1_0930,-40.17994076,-27.39711077,-0.914282395,GLY10
GLY50_M9_O1_1010,-13.93435035,21.58125346,-11.40318505,GLY50
GLY80_M55_O1_1021,85.54146094,13.04339496,0.402341586,GLY80
GLY10_M22_O1_0930,-43.01731639,-29.96943683,0.541108864,GLY10
GLY70_M6_O1_1017,35.58646624,31.01319058,4.169212405,GLY70
GLY50_M37_O1_1010,-19.83143821,25.92484131,-6.318759501,GLY50
GLY50_M70_O1_1010,-20.87073857,25.25635892,-5.920817583,GLY50
GLY80_M28_O1_1018,74.87973878,17.52681593,3.247778786,GLY80
GLY40_M29_O1_1006,-36.83484279,7.930957322,-9.594451377,GLY40
AIRE_M89_O1_1018,166.3906962,-34.03099934,-0.430558774,AIR
GLY60_M92_O1_1014,-4.428245361,33.91924268,0.163399918,GLY60
GLY80_M50_O1_1021,85.69490107,13.78179121,-0.09961439,GLY80
GLY70_M53_O1_1017,40.76274597,26.34234394,0.641826373,GLY70
GLY30_M98_O1_1005,-42.92365665,-7.024989514,-6.263951349,GLY30
AGUA_M40_O1_0928,-47.40701699,-37.41858628,7.613931321,WATER
GLY60_M96_O1_1014,-2.412502646,33.99325637,-0.089621231,GLY60
GLY50_M17_O1_1010,-22.69249025,20.65297395,-8.14210141,GLY50
AIRE_M59_O1_1007,169.7917087,-34.56569793,-1.071759701,AIR
GLY40_M31_O1_1006,-32.98341575,9.071522902,-11.77451809,GLY40
GLY80_M11_O1_1018,81.72610729,15.79440686,4.602192588,GLY80
GLY70_M88_O1_1018,40.17866485,30.59914907,4.455380444,GLY70
GLY30_M11_O1_1004,-43.02816988,-8.035044418,-4.731117212,GLY30
GLY60_M99_O1_1014,0.04418675,33.61571719,-0.464552145,GLY60
AGUA_M87_O1_0929,-41.34677042,-39.36602182,2.43612867,WATER
GLY80_M79_O1_1025,77.0907439,17.76806957,3.345613849,GLY80
GLY30_M20_O1_1004,-40.3668401,-6.127171445,-7.447860028,GLY30
GLY10_M82_O1_1003,-36.31597863,-30.59566964,-2.97195671,GLY10
GLY30_M26_O1_1004,-42.01185767,-5.263634355,-6.394863228,GLY30
GLY60_M75_O1_1014,-5.126605194,33.53567157,-0.802460904,GLY60
GLY20_M78_O1_1004,-37.63550542,-19.08115782,-5.675827169,GLY20
AIRE_M99_O1_1025,169.529851,-34.87223733,-1.300588347,AIR
GLY30_M49_O1_1004,-42.93730806,-7.716491185,-5.1639221,GLY30
GLY20_M89_O1_1004,-38.43800516,-18.38535765,-5.740465027,GLY20
GLY60_M23_O1_1014,0.071507246,34.00937432,-1.334858843,GLY60
GLY40_M97_O1_1007,-47.88301174,5.653620456,-4.310392657,GLY40
GLY10_M97_O1_1003,-38.9989351,-26.21700654,-1.522508322,GLY10
GLY20_M1_O1_0930,-34.56478204,-15.39078205,-6.483708843,GLY20
AGUA_M46_O1_0928,-49.8242131,-37.07306106,9.47179637,WATER
AIRE_M4_O1_0928,164.1394525,-30.20045592,0.138727997,AIR
GLY70_M76_O1_1018,33.55781445,31.89628242,6.028329581,GLY70
GLY20_M44_O1_1003,-41.40500954,-17.8722923,-3.051639159,GLY20
GLY40_M77_O1_1007,-36.10902397,8.951464656,-9.791724801,GLY40
GLY40_M66_O1_1007,-30.64327828,11.27312608,-11.95905862,GLY40
GLY10_M74_O1_1003,-35.02757681,-28.7829459,-5.290925247,GLY10
GLY20_M16_O1_0930,-39.59393722,-18.05876172,-3.74096581,GLY20
AIRE_M56_O1_1006,172.4110483,-35.53188243,-3.16625741,AIR
AIRE_M25_O1_1003,168.7047118,-33.37760959,-0.166649198,AIR
GLY10_M16_O1_0930,-49.14474099,-28.76950574,3.707018264,GLY10
GLY80_M10_O1_1018,78.21387181,17.6198023,4.147037601,GLY80
GLY40_M37_O1_1006,-48.25682329,9.280482592,-1.556193513,GLY40
GLY80_M80_O1_1025,81.87007186,15.85721173,3.641620736,GLY80
GLY50_M4_O1_1010,-15.28063736,22.64871428,-10.38352176,GLY50
GLY60_M2_O1_1013,-3.18506342,33.29295775,-1.870170592,GLY60
AIRE_M33_O1_1003,172.3154454,-34.97522499,-1.767295314,AIR
GLY80_M16_O1_1018,81.01490833,15.75937145,2.489520964,GLY80
AIRE_M68_O1_1010,173.193025,-35.05968475,-4.655852262,AIR
GLY40_M83_O1_1007,-35.83051056,9.164712545,-10.84437517,GLY40
GLY40_M46_O1_1007,-40.25525484,6.777786698,-8.044795853,GLY40
GLY60_M85_O1_1014,-2.630934655,34.11924709,-0.297282084,GLY60
GLY10_M18_O1_0930,-57.30386633,-33.38639493,10.89619015,GLY10
GLY10_M57_O1_0930,-40.54207831,-27.96609764,-1.725287682,GLY10
GLY20_M97_O1_1004,-39.57872749,-17.27061289,-5.287426636,GLY20
GLY40_M76_O1_1007,-34.48039954,10.32348159,-11.0918361,GLY40
AIRE_M5_O1_0928,164.9460297,-30.48024774,0.273939781,AIR
GLY70_M95_O1_1018,33.39877058,32.19442534,5.912618647,GLY70
GLY50_M76_O1_1013,-21.06362431,29.23669637,-5.430792941,GLY50
GLY80_M74_O1_1025,87.28125716,14.07351346,2.551804239,GLY80
GLY40_M69_O1_1007,-28.48134342,11.3039715,-12.9957689,GLY40
GLY80_M96_O1_1025,81.06404515,15.97723097,3.880603656,GLY80
AIRE_M26_O1_1003,172.8607551,-35.12484987,-1.700715994,AIR
GLY20_M70_O1_1004,-38.33172306,-19.08087623,-5.089499287,GLY20
AIRE_M87_O1_1018,170.4402758,-34.3319198,-3.267050076,AIR
AIRE_M32_O1_1003,172.3292788,-35.83854555,-3.089280232,AIR
GLY50_M69_O1_1010,-14.9677633,26.19962156,-6.506369231,GLY50
AGUA_M17_O1_0928,-46.62428966,-34.75793065,8.387019378,WATER
AIRE_M91_O1_1018,167.1908899,-32.95040096,-1.782770742,AIR
AGUA_M41_O1_0928,-48.14993572,-36.91496279,8.667139501,WATER
GLY40_M40_O1_1007,-36.07600745,10.27640244,-8.91854297,GLY40
GLY30_M70_O1_1005,-42.76692603,-6.865304013,-6.033618298,GLY30
GLY30_M17_O1_1004,-39.3515856,-7.323107597,-6.358562194,GLY30
GLY60_M62_O1_1014,-4.017879679,34.33302854,0.15210104,GLY60
GLY60_M57_O1_1014,-1.237502323,34.12582555,-0.348250707,GLY60
GLY40_M72_O1_1007,-30.49056806,10.27822048,-12.81379717,GLY40
AGUA_M95_O1_0930,-41.50098573,-36.92178682,1.888213242,WATER
GLY50_M19_O1_1010,-20.75105108,21.13268321,-8.797382771,GLY50
AIRE_M48_O1_1005,172.8840541,-37.31491895,-4.475233815,AIR
GLY50_M88_O1_1013,-19.42927425,31.08445383,-4.729816066,GLY50
GLY40_M99_O1_1007,-36.53873726,7.985924688,-10.17394808,GLY40
GLY60_M60_O1_1014,-7.57192543,34.05371699,0.457504186,GLY60
GLY60_M8_O1_1013,-2.089159112,33.71387605,-1.645486069,GLY60
GLY40_M6_O1_1006,-35.31284333,8.864491369,-9.721903767,GLY40
GLY40_M85_O1_1007,-41.37066534,7.942505956,-7.536826848,GLY40
GLY30_M35_O1_1004,-42.16598582,-8.635099353,-6.727911045,GLY30
AIRE_M85_O1_1017,169.6344789,-34.46339135,-2.624531238,AIR
GLY40_M68_O1_1007,-29.31534931,10.81793676,-12.75203824,GLY40
GLY40_M64_O1_1007,-47.03318045,8.921392436,-4.079283416,GLY40
GLY80_M52_O1_1021,82.61015315,14.63302566,-0.280830749,GLY80
GLY50_M54_O1_1010,-13.52450025,24.76821873,-8.447831603,GLY50
GLY10_M46_O1_0930,-50.48591809,-33.69098664,6.47592078,GLY10
AGUA_M35_O1_0928,-48.8265386,-36.0164985,8.312733516,WATER
GLY60_M41_O1_1014,-5.624362949,34.10994794,-0.03185463,GLY60
GLY20_M7_O1_0930,-42.9602204,-17.87539941,-2.420464313,GLY20
GLY80_M37_O1_1021,82.58459153,14.2098562,0.121678359,GLY80
GLY10_M45_O1_0930,-45.90837868,-30.28526462,2.559025785,GLY10
GLY70_M4_O1_1017,34.54881184,30.9610921,3.547237095,GLY70
AGUA_M67_O1_0929,-44.42928057,-38.77052077,4.421309903,WATER
GLY80_M78_O1_1025,76.78120479,17.80825053,3.841573354,GLY80
GLY50_M36_O1_1010,-20.80070719,20.77095786,-8.671756222,GLY50
GLY50_M82_O1_1013,-26.04433373,27.98813241,-4.530720081,GLY50
GLY70_M33_O1_1017,40.61075371,26.6754102,0.230702258,GLY70
GLY30_M36_O1_1004,-40.85354484,-7.552142693,-7.250556969,GLY30
AIRE_M60_O1_1007,170.314624,-33.95931154,-2.339607768,AIR
GLY80_M31_O1_1021,87.72973269,12.92408416,0.505492154,GLY80
GLY10_M84_O1_1003,-35.54451328,-29.3710234,-4.348927332,GLY10
GLY80_M4_O1_1018,73.62651306,19.0026137,4.241929767,GLY80
GLY40_M80_O1_1007,-31.4387258,9.760277328,-12.20643994,GLY40
GLY20_M18_O1_0930,-40.83022017,-16.81874604,-3.92953299,GLY20
GLY40_M36_O1_1006,-38.18553763,10.51563046,-7.946489735,GLY40
GLY70_M84_O1_1018,31.15689699,31.9917362,5.825044959,GLY70
GLY20_M59_O1_1003,-39.89858722,-16.55199614,-4.595938678,GLY20
GLY40_M71_O1_1007,-29.55815079,10.64276017,-12.88750649,GLY40
GLY80_M100_O1_1025,79.6416245,16.15652271,4.699020573,GLY80
GLY60_M48_O1_1014,-5.465509463,34.14153622,-0.473917904,GLY60
GLY70_M52_O1_1017,44.7508527,26.06184023,0.616692678,GLY70
GLY30_M42_O1_1004,-43.99443499,-7.832640352,-5.623985767,GLY30
GLY10_M73_O1_1003,-45.5378807,-33.02148493,1.801775875,GLY10
GLY70_M54_O1_1017,43.50501134,26.258112,0.820396899,GLY70
GLY10_M83_O1_1003,-38.31538858,-30.62755205,-2.064303654,GLY10
AGUA_M12_O1_0928,-52.74809934,-36.63370066,12.59791285,WATER
AGUA_M80_O1_0929,-40.5239359,-37.22321298,1.39723022,WATER
GLY10_M8_O1_0930,-49.93279061,-33.93201896,7.011816801,GLY10
AIRE_M77_O1_1014,164.5114874,-31.50923548,0.046639874,AIR
AGUA_M77_O1_0929,-42.15246971,-38.18087798,2.817080638,WATER
AGUA_M3_O1_0928,-48.0770542,-35.52323657,8.629603249,WATER
GLY40_M20_O1_1006,-43.66257108,7.907480983,-6.03653167,GLY40
AGUA_M6_O1_0928,-47.6597029,-34.7694179,8.742793478,WATER
GLY20_M30_O1_0930,-45.91722893,-18.14985377,-1.303383256,GLY20
GLY50_M91_O1_1013,-27.64385247,28.77958554,-3.177775388,GLY50
GLY10_M3_O1_0930,-49.4006181,-31.64875683,5.055701927,GLY10
GLY30_M64_O1_1005,-36.53891819,-4.214836438,-10.53802994,GLY30
GLY10_M75_O1_1003,-39.30136111,-31.68510465,-0.993796038,GLY10
GLY20_M35_O1_1003,-40.36495967,-17.71788552,-5.100793488,GLY20
GLY50_M85_O1_1013,-20.03900832,29.05300326,-5.72234335,GLY50
GLY30_M32_O1_1004,-41.40016032,-8.353363258,-7.464083778,GLY30
GLY20_M5_O1_0930,-40.29080773,-15.65321431,-4.174481011,GLY20
GLY30_M16_O1_1004,-35.61371308,-5.435432295,-8.840919752,GLY30
AGUA_M72_O1_0929,-41.34635268,-38.46211305,2.627874546,WATER
GLY20_M27_O1_0930,-40.26545832,-16.60244248,-4.923507014,GLY20
GLY50_M89_O1_1013,-27.49776437,28.08960344,-3.613039103,GLY50
AIRE_M78_O1_1014,164.4272286,-30.81930306,-0.156055185,AIR
GLY40_M32_O1_1006,-35.766636,8.615597654,-10.56990694,GLY40
GLY60_M86_O1_1014,-1.393601096,33.81331907,-0.761124655,GLY60
AIRE_M70_O1_1010,167.6223016,-33.04350447,-1.781468427,AIR
GLY50_M97_O1_1013,-20.15140239,29.21291851,-5.660300309,GLY50
GLY10_M56_O1_0930,-55.27594074,-33.24586003,9.749066355,GLY10
GLY60_M66_O1_1014,-5.010811608,34.817145,0.527569941,GLY60
GLY10_M33_O1_0930,-38.35990465,-26.10105727,-2.615503029,GLY10
GLY80_M57_O1_1021,83.23851806,13.98486529,0.503324618,GLY80
GLY10_M86_O1_1003,-36.88709591,-29.32564445,-4.00631828,GLY10
GLY40_M89_O1_1007,-33.98137243,10.39098027,-10.97640467,GLY40
AIRE_M57_O1_1006,171.2236087,-35.56166184,-2.961483653,AIR
GLY70_M17_O1_1017,30.66091684,32.6321392,6.044272121,GLY70
GLY70_M9_O1_1017,34.44388196,31.66566829,5.464917553,GLY70
AGUA_M45_O1_0928,-47.54176222,-37.0117673,7.693004165,WATER
AGUA_M8_O1_0928,-50.2271006,-35.99356399,10.48403116,WATER
GLY60_M98_O1_1014,-0.5121326,33.61700622,-0.736669771,GLY60
AIRE_M82_O1_1017,165.120006,-32.10407064,1.804708739,AIR
GLY80_M8_O1_1018,73.30869293,18.57339966,4.261760129,GLY80
GLY60_M29_O1_1014,-5.882690665,33.20780055,-1.40519868,GLY60
GLY70_M30_O1_1017,51.17765144,24.39107287,-0.351695317,GLY70
GLY70_M56_O1_1017,60.10427035,23.02602627,0.181960734,GLY70
AIRE_M81_O1_1017,165.337733,-33.6390393,-0.083055415,AIR
GLY70_M29_O1_1017,47.87068471,25.50042709,-0.88709259,GLY70
GLY30_M9_O1_1004,-39.41523608,-6.818825429,-7.402829225,GLY30
GLY50_M100_O1_1013,-24.29345238,28.14300461,-4.878598974,GLY50
AGUA_M97_O1_0930,-43.20362562,-37.2937547,4.041325665,WATER
GLY50_M84_O1_1013,-19.65417135,29.37387458,-5.52293806,GLY50
AIRE_M52_O1_1005,172.6579798,-37.35403196,-2.182129432,AIR
GLY80_M20_O1_1018,72.99882379,18.25629265,3.544204904,GLY80
AIRE_M31_O1_1003,171.4335597,-34.09907797,-2.628505717,AIR
AIRE_M7_O1_0928,165.9378311,-32.23272105,-1.365998368,AIR
GLY30_M18_O1_1004,-41.59132286,-5.329474606,-7.198913322,GLY30
GLY20_M28_O1_0930,-40.23419112,-16.60624511,-4.674650709,GLY20
GLY50_M11_O1_1010,-19.42901448,20.43214615,-10.12624785,GLY50
GLY70_M66_O1_1017,40.36045744,27.20132941,0.595279086,GLY70
GLY50_M16_O1_1010,-17.51950259,21.83022992,-9.549893239,GLY50
GLY70_M14_O1_1017,35.7476794,30.99777712,5.370549734,GLY70
GLY50_M86_O1_1013,-31.46046645,27.6978698,-2.47764644,GLY50
GLY40_M52_O1_1007,-39.26170456,8.126921624,-8.784516173,GLY40
AGUA_M33_O1_0928,-48.99593821,-37.23103754,9.039925749,WATER
AIRE_M20_O1_1003,173.2904517,-35.74646476,-4.41332729,AIR
GLY60_M17_O1_1013,10.15055809,33.66833809,-2.884237384,GLY60
GLY60_M94_O1_1014,-5.062217302,33.71742226,0.249498427,GLY60
GLY60_M47_O1_1014,-7.361072029,33.23539217,-0.982791955,GLY60
GLY60_M39_O1_1014,-3.090828151,34.86218781,0.027317107,GLY60
AGUA_M71_O1_0929,-43.35153178,-38.5974127,3.18608869,WATER
AIRE_M36_O1_1004,174.0671054,-36.51144662,-3.839136195,AIR
AIRE_M84_O1_1017,170.8924378,-34.53706345,-3.382044503,AIR
GLY40_M39_O1_1007,-35.53628945,10.70094667,-9.906159952,GLY40
AGUA_M20_O1_0928,-47.72496451,-35.57235077,9.2749324,WATER
AIRE_M53_O1_1006,170.9954352,-34.64293854,-2.012907011,AIR
GLY30_M66_O1_1005,-39.17365861,-4.500652901,-9.340639969,GLY30
GLY70_M37_O1_1017,45.48743469,25.53591789,-0.553510579,GLY70
GLY80_M93_O1_1025,82.23138119,15.54638496,4.047917117,GLY80
GLY50_M13_O1_1010,-13.26857107,21.91311718,-10.40901102,GLY50
GLY80_M69_O1_1025,80.51551652,16.75940853,3.035868196,GLY80
GLY20_M60_O1_1003,-37.87314718,-15.97994779,-5.640154365,GLY20
GLY80_M19_O1_1018,79.20098908,16.33606226,2.91158154,GLY80
AIRE_M65_O1_1010,168.7457592,-34.69697536,-2.062863676,AIR
AGUA_M24_O1_0928,-46.46933488,-37.6264579,7.703798813,WATER
AIRE_M16_O1_0930,174.627437,-36.39342544,-4.816729293,AIR
GLY70_M94_O1_1018,34.91098078,31.84278626,5.918392719,GLY70
AGUA_M1_O1_0928,-45.57096125,-34.41372138,6.727443912,WATER
GLY40_M53_O1_1007,-41.1761809,9.772811484,-6.729396982,GLY40
AGUA_M73_O1_0929,-40.58182365,-37.49164491,1.218479905,WATER
GLY80_M29_O1_1018,78.50206675,16.20403002,2.878880799,GLY80
GLY30_M14_O1_1004,-38.01404811,-6.341209711,-7.478523506,GLY30
AGUA_M51_O1_0928,-47.92344233,-36.33489937,8.607536466,WATER
GLY50_M94_O1_1013,-23.39115117,28.91340231,-4.776386007,GLY50
GLY20_M62_O1_1004,-35.13469472,-18.00432418,-6.780039462,GLY20
GLY80_M95_O1_1025,82.84633863,15.37066654,4.139487812,GLY80
GLY50_M5_O1_1010,-15.49733959,22.08435037,-10.62749335,GLY50
GLY10_M87_O1_1003,-36.35935197,-29.74015345,-3.356875327,GLY10
GLY30_M89_O1_1005,-36.10379693,-6.474182906,-9.591400075,GLY30
GLY30_M83_O1_1005,-35.46046997,-4.439692097,-9.552731984,GLY30
GLY70_M48_O1_1017,45.74202922,26.19179732,1.232775354,GLY70
AIRE_M55_O1_1006,168.0378404,-33.5028868,-0.995363501,AIR
GLY10_M25_O1_0930,-42.95183087,-28.69507255,1.192287588,GLY10
AGUA_M56_O1_0928,-52.02962672,-37.23767836,11.77265133,WATER
GLY30_M62_O1_1005,-40.73180459,-5.531836699,-8.133610435,GLY30
AGUA_M30_O1_0928,-47.47511397,-38.30512822,8.352392322,WATER
AIRE_M19_O1_1003,172.7675901,-35.37716088,-4.433031824,AIR
GLY70_M96_O1_1018,30.20738746,32.61658492,6.16289449,GLY70
GLY20_M93_O1_1004,-47.65739943,-22.3320992,0.179294758,GLY20
GLY20_M74_O1_1004,-36.35590149,-17.96986606,-5.516276,GLY20
GLY50_M15_O1_1010,-24.3401744,19.4665579,-7.897272975,GLY50
GLY10_M95_O1_1003,-28.91184603,-25.45447641,-9.119872879,GLY10
GLY60_M73_O1_1014,-6.899666104,33.77806478,-0.041059261,GLY60
GLY10_M66_O1_0930,-38.8818875,-26.7742712,-3.026747665,GLY10
GLY70_M57_O1_1017,43.3200277,26.35445575,0.817041466,GLY70
AIRE_M37_O1_1004,174.3652207,-36.16079551,-3.394736067,AIR
GLY60_M32_O1_1014,-5.877898735,33.71312536,-1.023818164,GLY60
GLY30_M44_O1_1004,-38.26325222,-5.086504431,-9.15190623,GLY30
GLY30_M29_O1_1004,-34.74172971,-4.450093079,-10.36275001,GLY30
GLY20_M98_O1_1004,-33.14056256,-14.88117806,-8.712316031,GLY20
GLY20_M11_O1_0930,-39.04234917,-16.63688592,-4.7329784,GLY20
GLY80_M15_O1_1018,81.86027016,15.15426094,3.140502891,GLY80
GLY80_M67_O1_1025,78.67927855,17.39937661,3.356400418,GLY80
GLY30_M60_O1_1004,-42.17068338,-6.62297998,-6.169298933,GLY30
GLY40_M16_O1_1006,-34.14058508,10.35052115,-9.912441343,GLY40
GLY20_M79_O1_1004,-44.71649879,-21.31102734,-1.307938331,GLY20
GLY40_M82_O1_1007,-30.59877724,10.20500633,-12.39800768,GLY40
AIRE_M95_O1_1025,170.3564955,-34.95010613,-1.489689942,AIR
GLY20_M43_O1_1003,-39.0200755,-17.49547012,-4.329948821,GLY20
GLY50_M57_O1_1010,-21.82040686,24.46998586,-5.938678638,GLY50
GLY80_M43_O1_1021,85.85491028,13.18504949,-0.445786636,GLY80
GLY70_M72_O1_1018,47.05748025,25.50957923,0.917159956,GLY70
GLY20_M19_O1_0930,-40.44775694,-15.67215044,-5.219708458,GLY20
GLY20_M22_O1_0930,-45.57389925,-16.0252603,-1.476112919,GLY20
GLY40_M48_O1_1007,-35.08646719,9.642079399,-9.414159053,GLY40
GLY10_M72_O1_1003,-35.07613087,-28.84838605,-5.534345429,GLY10
AIRE_M11_O1_0929,173.6539823,-36.44618417,-3.132328617,AIR
AIRE_M74_O1_1013,164.8282442,-32.0565652,0.349451744,AIR
GLY40_M35_O1_1006,-39.14706494,7.50953623,-7.703763933,GLY40
GLY50_M10_O1_1010,-15.992736,21.19891687,-11.02072044,GLY50
GLY50_M47_O1_1010,-21.73656908,24.42968379,-6.136091745,GLY50
GLY30_M90_O1_1005,-35.8801347,-5.455520455,-9.701288779,GLY30
GLY70_M32_O1_1017,48.36512389,24.86656336,-1.000955691,GLY70
GLY60_M43_O1_1014,-5.995438761,33.47477645,-0.732239354,GLY60
GLY40_M58_O1_1007,-30.59743642,11.14687083,-11.99250423,GLY40
AGUA_M63_O1_0929,-40.78702137,-38.81024855,1.682876648,WATER
GLY60_M44_O1_1014,-8.868043378,33.99829888,0.581890127,GLY60
GLY40_M63_O1_1007,-28.4406335,11.18595693,-12.75992902,GLY40
GLY20_M17_O1_0930,-45.9565283,-18.4153462,-0.850221213,GLY20
GLY40_M57_O1_1007,-30.72752308,11.44964342,-12.25870508,GLY40
GLY30_M69_O1_1005,-37.93318845,-5.031682649,-9.599237466,GLY30
GLY10_M67_O1_0930,-39.37594072,-27.48849839,-1.638911094,GLY10
GLY40_M21_O1_1006,-35.31310698,9.830789084,-9.740239354,GLY40
GLY60_M61_O1_1014,-7.174236364,33.93037548,0.065920885,GLY60
GLY40_M1_O1_1006,-33.41967497,11.23400427,-10.7581927,GLY40
GLY40_M59_O1_1007,-36.80799384,8.075695447,-10.22222112,GLY40
AGUA_M15_O1_0928,-51.98342638,-37.1120217,13.30747222,WATER
GLY40_M7_O1_1006,-34.73869311,8.98805135,-10.17069922,GLY40
AGUA_M54_O1_0928,-50.71317951,-36.64062188,10.74225693,WATER
AGUA_M82_O1_0929,-41.69844229,-37.661628,2.310737212,WATER
GLY30_M24_O1_1004,-41.47757392,-6.289831462,-6.810854196,GLY30
AIRE_M22_O1_1003,172.4081142,-35.54644963,-4.72700018,AIR
GLY20_M83_O1_1004,-42.12625579,-19.93247352,-3.282639486,GLY20
GLY20_M40_O1_1003,-45.98924653,-19.52136218,-0.297834056,GLY20
GLY30_M40_O1_1004,-49.00392539,-9.249352936,-2.198886489,GLY30
GLY50_M46_O1_1010,-21.20598869,24.82857924,-5.603399092,GLY50
GLY30_M21_O1_1004,-38.64598369,-4.452983638,-7.926420878,GLY30
GLY20_M61_O1_1004,-35.38744708,-18.35410268,-7.147511872,GLY20
AGUA_M85_O1_0929,-40.96650478,-37.88617859,2.292701628,WATER
GLY20_M73_O1_1004,-48.83965616,-22.77830693,2.365226113,GLY20
GLY80_M75_O1_1025,78.10477685,17.67417907,3.428931932,GLY80
GLY60_M27_O1_1014,-9.085990692,33.09926128,-0.599936852,GLY60
GLY80_M49_O1_1021,85.3572649,13.59096767,-0.049521433,GLY80
GLY60_M81_O1_1014,-0.372160239,33.6985809,-1.039861697,GLY60
GLY40_M34_O1_1006,-34.32736901,7.932940012,-11.01545712,GLY40
GLY30_M34_O1_1004,-38.36688787,-7.120454759,-8.628752836,GLY30
GLY30_M46_O1_1004,-26.64556822,-2.401717224,-14.48659137,GLY30
GLY80_M87_O1_1025,74.7244062,18.31187966,4.259696977,GLY80
GLY10_M19_O1_0930,-59.65810972,-32.72028461,11.51410624,GLY10
GLY10_M31_O1_0930,-45.62716615,-29.61665838,1.359963367,GLY10
GLY20_M94_O1_1004,-38.93240259,-19.03883905,-5.68982822,GLY20
GLY40_M12_O1_1006,-38.31660213,8.585761967,-9.156424734,GLY40
GLY70_M51_O1_1017,50.08245369,25.11208479,0.558099467,GLY70
GLY70_M82_O1_1018,37.87000352,31.23056366,5.498293345,GLY70
AGUA_M62_O1_0929,-42.7780688,-39.4709847,3.544663191,WATER
GLY20_M67_O1_1004,-29.12934353,-16.03679583,-9.91673422,GLY20
GLY60_M63_O1_1014,-3.759063616,34.27143333,-0.446876859,GLY60
GLY30_M99_O1_1005,-46.75145712,-8.577583604,-3.091454883,GLY30
GLY20_M84_O1_1004,-39.90190773,-18.90036866,-4.176912786,GLY20
AIRE_M64_O1_1007,171.9823838,-35.94668773,-3.326715889,AIR
AIRE_M75_O1_1013,164.459706,-30.66377914,-0.079546764,AIR
GLY80_M94_O1_1025,85.12355489,14.36417907,3.491142053,GLY80
GLY70_M85_O1_1018,31.62126751,32.33681105,4.920124904,GLY70
GLY20_M51_O1_1003,-46.57914447,-17.05048568,-1.02082709,GLY20
GLY20_M77_O1_1004,-39.77686939,-19.49935031,-4.197983889,GLY20
GLY80_M22_O1_1018,74.30862976,18.3030843,3.622303864,GLY80
AIRE_M29_O1_1003,170.826354,-34.50534485,-1.718381003,AIR
GLY10_M89_O1_1003,-29.03550906,-27.43377156,-8.333544701,GLY10
GLY60_M89_O1_1014,-5.751468755,34.20876802,0.36616847,GLY60
GLY20_M64_O1_1004,-32.81620687,-17.36969237,-8.072099322,GLY20
GLY10_M59_O1_0930,-48.69367881,-30.54654066,4.159851809,GLY10
GLY50_M26_O1_1010,-20.82342344,20.84585493,-8.667895578,GLY50
GLY60_M13_O1_1013,-2.742207367,33.82495899,-1.584567118,GLY60
GLY70_M97_O1_1018,39.80285804,30.87307001,6.340371762,GLY70
GLY70_M78_O1_1018,31.15750445,32.60438965,5.975434583,GLY70
GLY60_M71_O1_1014,-8.674800178,33.64462496,0.111716212,GLY60
GLY50_M24_O1_1010,-16.20024784,21.75814107,-10.0726459,GLY50
AIRE_M8_O1_0928,165.5139829,-30.85101954,-0.255451394,AIR
GLY60_M76_O1_1014,-8.715708484,33.84222696,0.373387774,GLY60
AIRE_M10_O1_0929,173.9538233,-36.77884159,-3.385723745,AIR
GLY30_M33_O1_1004,-40.40394213,-8.229645473,-7.719652712,GLY30
GLY30_M30_O1_1004,-44.45810235,-7.502444795,-4.172210681,GLY30
GLY60_M93_O1_1014,-6.219207828,33.72695319,-0.046726046,GLY60
AGUA_M79_O1_0929,-41.11002612,-37.67576838,2.388565501,WATER
AIRE_M80_O1_1014,165.5176484,-32.34353462,-0.022845598,AIR
GLY40_M73_O1_1007,-33.94910057,9.603725782,-10.06670523,GLY40
GLY70_M7_O1_1017,36.26511406,31.26002134,3.961605533,GLY70
AIRE_M61_O1_1007,171.6134886,-35.52942708,-1.701619779,AIR
GLY50_M22_O1_1010,-23.63829271,20.82983831,-7.161212373,GLY50
GLY60_M42_O1_1014,6.930636208,33.7002857,-1.829082819,GLY60
GLY50_M8_O1_1010,-15.32254516,21.3661148,-11.2412723,GLY50
GLY70_M98_O1_1018,36.66259663,31.42889061,6.417306854,GLY70
GLY60_M83_O1_1014,-4.900592313,34.20589984,0.264977086,GLY60
GLY80_M24_O1_1018,75.97739223,17.62973482,2.850700178,GLY80
GLY30_M3_O1_1004,-38.82896437,-6.350700723,-8.220615544,GLY30
AGUA_M100_O1_0930,-41.40390699,-38.61545091,1.74897463,WATER
GLY20_M82_O1_1004,-32.94570408,-16.72264199,-8.105088379,GLY20
GLY10_M68_O1_0930,-41.43582242,-28.20626305,-1.088209213,GLY10
GLY30_M41_O1_1004,-49.52078553,-9.31145556,-1.182617297,GLY30
AGUA_M58_O1_0928,-52.13375439,-38.56451876,11.81253825,WATER
GLY60_M22_O1_1014,-3.916011751,33.71777603,-1.079191838,GLY60
GLY10_M60_O1_0930,-49.23155981,-30.40755113,4.843418794,GLY10
GLY30_M47_O1_1004,-40.79663416,-7.226951305,-6.09380588,GLY30
GLY30_M100_O1_1005,-39.67003142,-6.052769627,-7.571072151,GLY30
GLY40_M22_O1_1006,-32.8937658,8.492903833,-11.07487257,GLY40
GLY60_M77_O1_1014,-11.07722436,33.61034263,0.606352774,GLY60
GLY50_M27_O1_1010,-19.92515533,20.73634454,-9.232284536,GLY50
GLY40_M70_O1_1007,-34.64184027,9.318544213,-11.22491392,GLY40
GLY20_M54_O1_1003,-45.50169461,-19.33007993,-0.745043786,GLY20
GLY60_M20_O1_1014,-1.527186188,33.98726565,-1.04853237,GLY60
GLY50_M90_O1_1013,-28.91131278,28.4961186,-3.085835086,GLY50
AIRE_M39_O1_1004,174.3215256,-36.94687552,-3.619313069,AIR
GLY40_M38_O1_1007,-38.00341843,10.48514461,-7.95558588,GLY40
GLY50_M61_O1_1010,-20.55546548,24.39360331,-6.765977736,GLY50
GLY50_M7_O1_1010,-19.89541769,21.64072549,-9.273417822,GLY50
AGUA_M38_O1_0928,-49.90620618,-38.46820372,10.69936169,WATER
GLY70_M93_O1_1018,25.61809023,33.70748906,6.433369131,GLY70
GLY70_M58_O1_1017,40.86493099,26.90235113,0.583887801,GLY70
GLY80_M82_O1_1025,78.52345509,17.14846301,4.233425014,GLY80
GLY80_M90_O1_1025,76.87209675,17.54933309,3.862780898,GLY80
GLY80_M81_O1_1025,79.11382011,16.57464685,4.187762582,GLY80
AGUA_M90_O1_0929,-43.45783485,-38.63108789,3.245493256,WATER
GLY80_M64_O1_1025,78.61590168,17.38907652,3.27060345,GLY80
AIRE_M27_O1_1003,172.4700051,-36.28799543,-1.436629416,AIR
GLY10_M7_O1_0930,-48.89788888,-28.71693674,3.966054204,GLY10
AGUA_M52_O1_0928,-49.96165713,-36.25806733,8.514034475,WATER
GLY40_M9_O1_1006,-43.08484826,6.94306916,-5.888381227,GLY40
GLY40_M24_O1_1006,-37.89163079,7.319519989,-9.060010884,GLY40
AIRE_M73_O1_1013,166.1954214,-32.68954389,0.714145416,AIR
GLY50_M23_O1_1010,-14.32957551,22.14695932,-10.14423287,GLY50
GLY70_M70_O1_1017,46.8956804,26.44552913,1.195078322,GLY70
GLY20_M81_O1_1004,-26.4716082,-14.65391606,-12.4539128,GLY20
GLY40_M42_O1_1007,-36.40452838,9.349536264,-9.226475929,GLY40
GLY10_M17_O1_0930,-50.74668032,-33.10818993,5.675877973,GLY10
GLY10_M81_O1_1003,-38.27327064,-30.98242179,-2.462728773,GLY10
GLY70_M11_O1_1017,33.25752007,32.14601732,5.570839315,GLY70
GLY60_M37_O1_1014,-11.74821239,33.50077542,0.517267678,GLY60
AGUA_M21_O1_0928,-46.86699441,-35.05412603,8.371403487,WATER
GLY10_M39_O1_0930,-42.30800205,-28.12291886,-0.058125781,GLY10
GLY50_M41_O1_1010,-30.4608571,22.90940485,-3.393667188,GLY50
GLY80_M26_O1_1018,77.7603649,17.24188226,2.697767035,GLY80
AIRE_M9_O1_0929,174.0072177,-37.45728551,-3.570054181,AIR
GLY60_M58_O1_1014,0.412977652,34.04610845,-0.767331071,GLY60
GLY30_M31_O1_1004,-39.17715928,-7.721964597,-8.0138956,GLY30
GLY20_M23_O1_0930,-43.00773965,-16.90280491,-2.903640691,GLY20
GLY70_M40_O1_1017,41.33348495,26.57747865,0.052589298,GLY70
GLY30_M82_O1_1005,-37.37710126,-4.244654162,-8.625944694,GLY30
GLY20_M48_O1_1003,-45.97871472,-19.30168223,-0.763742696,GLY20
GLY20_M12_O1_0930,-31.09119506,-13.29747614,-8.981293853,GLY20
AGUA_M86_O1_0929,-45.76905301,-41.38184816,6.776266053,WATER
GLY70_M67_O1_1017,39.25018197,27.98380481,1.091904724,GLY70
GLY40_M54_O1_1007,-34.87269814,10.15233409,-9.630512895,GLY40
GLY60_M14_O1_1013,-10.36066923,33.2874928,-0.429120543,GLY60
GLY80_M23_O1_1018,72.72639912,18.48150276,3.921753886,GLY80
AIRE_M12_O1_0929,172.8420557,-36.47582327,-3.041052381,AIR
GLY60_M31_O1_1014,-4.163757263,33.5738412,-1.173557719,GLY60
AIRE_M38_O1_1004,174.0044173,-35.12868153,-3.869978706,AIR
GLY30_M56_O1_1004,-36.44076284,-4.934932826,-10.01917862,GLY30
GLY10_M38_O1_0930,-43.70645423,-28.51356353,0.839755674,GLY10
GLY20_M34_O1_1003,-41.12614005,-17.97666714,-4.036592262,GLY20
GLY30_M68_O1_1005,-43.80558143,-7.48963734,-7.060795845,GLY30
GLY30_M91_O1_1005,-35.53623144,-6.209709347,-9.557959231,GLY30
GLY10_M41_O1_0930,-44.52515827,-29.03303881,0.96025158,GLY10
AIRE_M58_O1_1007,169.4227665,-33.85001588,-0.983902367,AIR
AIRE_M44_O1_1004,173.4109732,-36.43989112,-3.483298844,AIR
GLY70_M83_O1_1018,36.64218838,31.30503362,5.550953611,GLY70
GLY40_M5_O1_1006,-33.82198516,8.817652502,-10.54596796,GLY40
GLY10_M100_O1_1003,-35.13240878,-27.25784792,-3.417989643,GLY10
AGUA_M96_O1_0930,-49.38474289,-40.03763934,8.185838984,WATER
GLY20_M2_O1_0930,-41.28631365,-17.17869687,-2.759295785,GLY20
GLY20_M29_O1_0930,-42.22501263,-17.44111153,-3.467167691,GLY20
GLY30_M85_O1_1005,-32.55698652,-3.414942956,-11.77556199,GLY30
GLY40_M25_O1_1006,-37.26046473,9.25657368,-9.144057883,GLY40
GLY40_M98_O1_1007,-45.55114705,5.756340253,-5.611306206,GLY40
GLY40_M92_O1_1007,-29.87082678,10.86980024,-12.86861296,GLY40
GLY20_M72_O1_1004,-39.64007595,-19.57907216,-4.370048957,GLY20
GLY50_M93_O1_1013,-22.53793451,28.87335942,-5.023661172,GLY50
AIRE_M67_O1_1010,173.8289228,-35.46455951,-4.864816041,AIR
GLY30_M22_O1_1004,-39.94347651,-6.678487044,-7.533933488,GLY30
AGUA_M66_O1_0929,-47.54137012,-39.8898932,6.03190647,WATER
GLY60_M38_O1_1014,-3.145437763,34.50859114,-0.38373074,GLY60
GLY50_M95_O1_1013,-25.3743333,28.35186222,-4.356582645,GLY50
GLY60_M40_O1_1014,-7.319945132,34.89404079,1.044473436,GLY60
GLY20_M50_O1_1003,-36.34038525,-15.56273567,-8.89560144,GLY20
AIRE_M24_O1_1003,173.5949995,-36.36821095,-4.503664045,AIR
GLY80_M51_O1_1021,85.71405908,12.88334049,-0.242301605,GLY80
GLY40_M23_O1_1006,-38.7391697,6.741310046,-8.620289653,GLY40
GLY10_M91_O1_1003,-30.57185784,-27.12616176,-7.469450996,GLY10
GLY50_M63_O1_1010,-24.06888556,27.53982738,-3.351460001,GLY50
GLY20_M45_O1_1003,-39.84250835,-16.58876833,-4.013055441,GLY20
GLY10_M47_O1_0930,-38.98171264,-28.53510211,-2.388289681,GLY10
GLY50_M83_O1_1013,-31.90059408,26.4297664,-2.190691751,GLY50
AGUA_M57_O1_0928,-47.85400985,-36.32185493,8.630793576,WATER
GLY20_M91_O1_1004,-36.39723086,-17.88192949,-6.293825684,GLY20
GLY70_M26_O1_1017,46.02324573,25.42878807,-0.765179502,GLY70
GLY30_M72_O1_1005,-39.03057956,-5.615699377,-7.829041425,GLY30
AIRE_M6_O1_0928,167.8200779,-33.34391341,-0.95618968,AIR
GLY80_M30_O1_1018,74.48995558,17.51939375,2.922475525,GLY80
GLY60_M6_O1_1013,-3.402923153,33.77516076,-1.514073749,GLY60
GLY50_M42_O1_1010,-16.14362477,27.57649241,-6.184995816,GLY50
GLY10_M85_O1_1003,-34.65347331,-29.14759257,-4.422296589,GLY10
GLY20_M85_O1_1004,-37.28467096,-17.88535335,-6.757660405,GLY20
AGUA_M61_O1_0929,-39.37824924,-38.74579752,1.726282923,WATER
GLY70_M28_O1_1017,36.51043572,27.30762498,0.688601773,GLY70
GLY60_M28_O1_1014,-6.1518692,33.5272318,-0.698294975,GLY60
GLY60_M88_O1_1014,-5.188764811,34.24214234,0.316781214,GLY60
GLY40_M81_O1_1007,-43.37229747,6.330548872,-6.916555048,GLY40
GLY10_M1_O1_0930,-39.72395033,-29.52781868,-1.698062826,GLY10
GLY50_M28_O1_1010,-12.65059636,22.4509631,-10.69689116,GLY50
GLY70_M77_O1_1018,37.66669543,30.91653634,5.772808862,GLY70
GLY60_M70_O1_1014,-1.555847046,34.14304374,-0.672722473,GLY60
GLY60_M18_O1_1013,-3.328246311,34.09702802,-1.38097818,GLY60
GLY60_M65_O1_1014,-6.567450752,34.24912146,0.738218601,GLY60
GLY30_M73_O1_1005,-34.92913148,-4.103214519,-10.29670632,GLY30
GLY40_M79_O1_1007,-28.26638703,11.65274897,-13.12175831,GLY40
GLY60_M21_O1_1014,-1.576097537,33.97033022,-1.007807415,GLY60
GLY30_M39_O1_1004,-44.61147121,-8.636174959,-4.650232125,GLY30
GLY10_M30_O1_0930,-45.33944909,-30.03016883,1.688247717,GLY10
GLY20_M9_O1_0930,-36.39484212,-15.93041129,-5.851278703,GLY20
GLY20_M13_O1_0930,-41.42572161,-17.12977033,-3.380812823,GLY20
AIRE_M76_O1_1014,165.9594194,-31.46746545,-0.338712628,AIR
GLY70_M35_O1_1017,41.88837019,26.56685508,0.06343549,GLY70
GLY10_M88_O1_1003,-37.82700945,-30.61436621,-2.231431917,GLY10
GLY70_M79_O1_1018,34.5075515,32.34060346,6.23969611,GLY70
AIRE_M13_O1_0930,171.0995064,-33.55018034,-4.241238913,AIR
GLY40_M51_O1_1007,-33.23162854,12.27630175,-9.814634238,GLY40
GLY70_M13_O1_1017,34.73801574,31.43361039,5.355202149,GLY70
GLY10_M14_O1_0930,-46.73871027,-31.99943177,2.978031706,GLY10
AIRE_M18_O1_0930,170.9136807,-34.68984189,-2.251511846,AIR
GLY50_M21_O1_1010,-17.41697943,22.22663718,-8.768722288,GLY50
GLY20_M36_O1_1003,-45.84833298,-18.79452552,-1.26448241,GLY20
GLY40_M15_O1_1006,-34.65995853,9.642356571,-10.34955745,GLY40
GLY60_M35_O1_1014,-5.50354727,33.69278072,-0.597548052,GLY60
GLY50_M52_O1_1010,-21.53587096,23.87836494,-6.610135907,GLY50
GLY10_M6_O1_0930,-58.663735,-32.67680322,11.934274,GLY10
GLY60_M10_O1_1013,-8.915412506,33.79338196,-0.624955346,GLY60
GLY30_M25_O1_1004,-44.81583634,-6.831176262,-4.792218384,GLY30
AGUA_M28_O1_0928,-46.53190208,-38.00126436,7.453034332,WATER
GLY10_M92_O1_1003,-34.72567378,-29.59097141,-4.474100418,GLY10
GLY40_M17_O1_1006,-39.22173846,8.847412539,-8.039338676,GLY40
GLY80_M27_O1_1018,72.69244956,18.46544986,3.519663465,GLY80
GLY30_M54_O1_1004,-44.41393753,-8.028150682,-4.772563126,GLY30
AGUA_M50_O1_0928,-36.0433095,-30.94067589,-0.275398967,WATER
GLY50_M75_O1_1013,-25.60864,31.08688488,-2.261720121,GLY50
GLY10_M21_O1_0930,-45.4854504,-28.11122367,1.088526763,GLY10
AGUA_M44_O1_0928,-49.27424755,-36.80516026,9.196835217,WATER
AGUA_M78_O1_0929,-45.5905955,-38.96696919,5.186849034,WATER
GLY20_M100_O1_1004,-34.66603765,-14.2266983,-8.5827778,GLY20
GLY70_M100_O1_1018,35.91126014,31.60106536,6.089777443,GLY70
GLY60_M84_O1_1014,-4.396144917,33.87818469,-0.055290797,GLY60
GLY30_M45_O1_1004,-47.50275036,-9.054927171,-3.338199776,GLY30
GLY50_M87_O1_1013,-28.82846911,29.56442986,-2.741653029,GLY50
GLY20_M55_O1_1003,-43.84641963,-18.69970586,-2.006108852,GLY20
GLY50_M59_O1_1010,-16.54850546,25.0873537,-7.749795164,GLY50
GLY20_M86_O1_1004,-36.43108437,-17.44544075,-6.136939114,GLY20
AGUA_M2_O1_0928,-50.99442314,-36.33008585,11.00199117,WATER
GLY30_M53_O1_1004,-35.66293085,-5.136707496,-10.24711134,GLY30
AGUA_M16_O1_0928,-47.72753385,-34.98161015,8.654121587,WATER
GLY80_M62_O1_1025,81.94081276,15.85263984,2.752602164,GLY80
GLY60_M91_O1_1014,-7.473922197,33.75646287,0.144419807,GLY60
GLY20_M87_O1_1004,-28.58862971,-14.55811328,-11.87088327,GLY20
GLY30_M97_O1_1005,-32.39942071,-2.537159238,-10.98905057,GLY30
GLY10_M78_O1_1003,-34.78752274,-28.70011377,-4.86929984,GLY10
GLY60_M36_O1_1014,-8.041321371,32.97753297,-0.740050306,GLY60
GLY60_M95_O1_1014,-8.17481183,33.77844853,0.799129402,GLY60
GLY20_M96_O1_1004,-40.96898504,-17.91176043,-4.641129131,GLY20
GLY40_M87_O1_1007,-33.98121463,10.72324518,-11.07269344,GLY40
GLY80_M1_O1_1018,72.49229996,19.10674007,4.77159413,GLY80
GLY80_M71_O1_1025,77.30310906,17.20694644,3.102220988,GLY80
GLY10_M62_O1_0930,-52.52209897,-31.8113014,7.507413929,GLY10
GLY10_M4_O1_0930,-48.54942392,-31.64800503,5.143125481,GLY10
GLY70_M80_O1_1018,44.86553859,29.43209824,5.352933029,GLY70
AIRE_M88_O1_1018,163.4734086,-31.75767026,1.678565783,AIR
GLY80_M66_O1_1025,86.25819369,14.68205044,2.360657374,GLY80
GLY70_M68_O1_1017,51.78408041,25.02068765,0.191128097,GLY70
GLY40_M2_O1_1006,-33.54758182,9.531894878,-11.16721462,GLY40
AGUA_M64_O1_0929,-44.7985176,-38.54829019,3.991552319,WATER
AIRE_M54_O1_1006,167.8250254,-33.46939878,-0.238747011,AIR
GLY30_M5_O1_1004,-39.35899062,-7.52679514,-6.670956594,GLY30
GLY20_M8_O1_0930,-34.63476146,-15.02966465,-7.58068134,GLY20
AIRE_M14_O1_0930,170.952743,-34.88210127,-3.155792621,AIR
GLY80_M83_O1_1025,75.05459086,17.91303858,4.38416386,GLY80
GLY10_M5_O1_0930,-52.4952132,-31.13426167,6.766532012,GLY10
GLY50_M18_O1_1010,-17.94215051,21.10336179,-9.782193034,GLY50
GLY40_M88_O1_1007,-36.68239257,9.95056583,-9.556577552,GLY40
GLY20_M80_O1_1004,-31.20452747,-16.18938802,-10.15671098,GLY20
AIRE_M96_O1_1025,170.4260982,-35.09525887,-1.161958857,AIR
GLY80_M12_O1_1018,79.30409533,16.45476511,4.495226239,GLY80
GLY20_M15_O1_0930,-42.02674438,-17.36557966,-2.608736836,GLY20
GLY80_M32_O1_1021,85.14815682,14.10813775,0.944656722,GLY80
GLY40_M84_O1_1007,-34.3469702,9.640975203,-11.01081288,GLY40
GLY80_M68_O1_1025,79.36851181,17.20738711,2.736454765,GLY80
GLY50_M30_O1_1010,-18.88389522,21.31817391,-9.292356468,GLY50
GLY80_M18_O1_1018,73.36443466,18.51198322,3.075596281,GLY80
GLY60_M4_O1_1013,1.204438522,34.03032808,-2.12977914,GLY60
GLY80_M48_O1_1021,80.06998943,15.47314368,0.587607274,GLY80
GLY80_M9_O1_1018,74.15198776,18.88192021,4.541758021,GLY80
GLY50_M12_O1_1010,-9.315972796,22.15971098,-12.59586374,GLY50
GLY30_M10_O1_1004,-39.5332008,-7.218405694,-7.192670148,GLY30
GLY10_M32_O1_0930,-42.18035138,-28.79446512,-0.322706299,GLY10
GLY80_M40_O1_1021,85.64550306,13.45158463,-0.707730652,GLY80
GLY30_M81_O1_1005,-38.56267661,-5.424598414,-8.016213483,GLY30
GLY50_M99_O1_1013,-21.18652358,28.74307008,-5.609239004,GLY50
AGUA_M27_O1_0928,-46.3478935,-38.24836741,7.844690264,WATER
GLY50_M55_O1_1010,-24.36342928,23.66218973,-5.530248683,GLY50
GLY50_M1_O1_1010,-21.4879703,23.19266686,-6.827941932,GLY50
GLY30_M52_O1_1004,-39.62024591,-6.626799652,-7.711879584,GLY30
GLY70_M62_O1_1017,41.31913007,27.80596432,1.381219,GLY70
AGUA_M26_O1_0928,-45.89012478,-37.75687203,7.425219417,WATER
GLY50_M20_O1_1010,-15.92984658,21.72439086,-10.15771703,GLY50
AGUA_M29_O1_0928,-52.65771333,-40.0448,12.15456629,WATER
GLY10_M98_O1_1003,-41.085906,-26.94399787,-1.375536969,GLY10
GLY70_M89_O1_1018,33.63993376,31.9814082,5.556386998,GLY70
GLY10_M35_O1_0930,-44.92159933,-28.30474553,1.532378255,GLY10
GLY80_M73_O1_1025,86.14624051,14.22991643,2.837843177,GLY80
GLY50_M78_O1_1013,-26.43897859,28.3262096,-3.962996082,GLY50
GLY80_M7_O1_1018,74.82983841,18.55465391,4.874034828,GLY80
AIRE_M93_O1_1021,171.3414035,-34.68336585,-4.003629681,AIR
GLY20_M25_O1_0930,-37.10342032,-14.60910029,-6.598665352,GLY20
GLY30_M15_O1_1004,-45.4721017,-10.17708677,-3.68634511,GLY30
GLY40_M90_O1_1007,-29.36097421,11.43710651,-12.80766857,GLY40
GLY10_M20_O1_0930,-56.41228565,-28.22073485,8.435869678,GLY10
GLY50_M65_O1_1010,-19.17930971,26.16745681,-5.893891631,GLY50
AGUA_M74_O1_0929,-43.14870094,-37.03101994,3.262594415,WATER
GLY30_M4_O1_1004,-36.46311727,-5.929776543,-9.570652664,GLY30
GLY70_M41_O1_1017,42.58930429,26.02982893,-0.173519972,GLY70
GLY20_M66_O1_1004,-34.18323285,-18.01291842,-7.098936007,GLY20
GLY30_M2_O1_1004,-42.81796183,-6.943661621,-6.732447704,GLY30
GLY10_M34_O1_0930,-41.35439177,-27.0993018,-1.129135513,GLY10
AGUA_M81_O1_0929,-43.88615235,-38.31880737,4.409706052,WATER
GLY30_M84_O1_1005,-36.07870077,-4.933962046,-8.724017433,GLY30
GLY20_M41_O1_1003,-44.23254956,-18.80242763,-1.779769803,GLY20
GLY20_M71_O1_1004,-36.29695148,-18.48904727,-5.637867625,GLY20
AGUA_M19_O1_0928,-47.3574857,-35.33832229,8.864145466,WATER
GLY70_M2_O1_1017,42.49733267,29.49313179,2.63388721,GLY70
GLY40_M91_O1_1007,-35.94947976,8.753300299,-9.864922435,GLY40
GLY10_M64_O1_0930,-51.18084825,-31.50650169,7.337751272,GLY10
GLY50_M14_O1_1010,-14.17898471,22.29191127,-10.13299285,GLY50
GLY80_M86_O1_1025,73.40719634,18.11172301,4.586141917,GLY80
AGUA_M70_O1_0929,-47.15085011,-40.03949072,5.768451672,WATER
GLY80_M60_O1_1021,83.16180837,14.09284824,0.974664673,GLY80
GLY30_M51_O1_1004,-44.17099996,-8.100224898,-5.239485543,GLY30
GLY60_M1_O1_1013,-3.84804745,33.85408828,-1.320408535,GLY60
GLY10_M70_O1_0930,-40.00612064,-26.54710052,-1.667763359,GLY10
GLY20_M47_O1_1003,-48.0827537,-19.50598977,1.676796572,GLY20
GLY70_M16_O1_1017,41.05441944,30.32160463,4.645614038,GLY70
GLY30_M80_O1_1005,-40.3578782,-5.236050453,-7.19403855,GLY30
AGUA_M89_O1_0929,-49.69708157,-38.7287806,7.112624393,WATER
GLY60_M54_O1_1014,-4.712338362,34.2538543,0.283304468,GLY60
GLY40_M61_O1_1007,-32.93934194,10.08857095,-12.2935217,GLY40
GLY30_M58_O1_1004,-39.1773481,-5.744264666,-8.450759433,GLY30
GLY20_M21_O1_0930,-43.49229838,-16.60289147,-2.663111438,GLY20
GLY70_M34_O1_1017,35.61439986,27.3521269,0.702333556,GLY70
GLY60_M80_O1_1014,2.054285872,33.9170282,-1.172064126,GLY60
GLY10_M28_O1_0930,-44.75255744,-30.20692949,2.078484022,GLY10
GLY40_M49_O1_1007,-31.21705728,10.58395946,-11.23481174,GLY40
GLY40_M55_O1_1007,-36.6529463,10.2442324,-8.961056616,GLY40
GLY70_M25_O1_1017,50.58015893,24.86759592,-0.605740183,GLY70
AIRE_M23_O1_1003,173.1639348,-34.92121533,-4.836061182,AIR
GLY40_M62_O1_1007,-35.99574673,10.9313324,-9.331326683,GLY40
GLY70_M1_O1_1017,43.78079028,29.08745592,3.887474983,GLY70
GLY30_M75_O1_1005,-37.43034249,-4.453942969,-8.655238754,GLY30
GLY70_M46_O1_1017,44.56042445,25.74400341,-0.081722679,GLY70
AGUA_M75_O1_0929,-41.52148706,-37.08679798,1.725321232,WATER
GLY60_M100_O1_1014,-3.805551006,33.82101986,-0.180570154,GLY60
GLY80_M89_O1_1025,77.10378344,17.49260879,3.441444828,GLY80
GLY20_M6_O1_0930,-41.688877,-17.59661715,-2.887888958,GLY20
GLY20_M53_O1_1003,-37.99634959,-16.53832074,-6.059677611,GLY20
GLY20_M76_O1_1004,-41.04049187,-20.65645079,-2.148564269,GLY20
GLY80_M6_O1_1018,82.0179926,15.70744008,4.024551194,GLY80
GLY30_M88_O1_1005,-36.16161925,-5.939902295,-9.97559917,GLY30
GLY10_M71_O1_1003,-34.68615753,-28.11307601,-5.285314814,GLY10
AGUA_M39_O1_0928,-50.20460685,-38.40542149,10.66625268,WATER
GLY40_M30_O1_1006,-35.14587637,8.732660294,-10.4675961,GLY40
GLY80_M85_O1_1025,84.28004416,14.94123924,3.499532278,GLY80
AGUA_M13_O1_0928,-51.26247352,-37.09611417,12.06542824,WATER
GLY70_M20_O1_1017,43.68042114,25.72675659,-0.127006987,GLY70
AIRE_M49_O1_1005,173.2885148,-38.39438651,-2.704924208,AIR
AIRE_M92_O1_1021,172.9647969,-35.68353607,-3.386716756,AIR
AGUA_M32_O1_0928,-46.79866513,-37.71754657,7.442115644,WATER
GLY60_M79_O1_1014,4.02335369,33.90470764,-1.141446596,GLY60
GLY40_M47_O1_1007,-45.77995058,5.55311306,-5.411929314,GLY40
AGUA_M47_O1_0928,-50.67244478,-37.95069387,10.40482858,WATER
GLY50_M6_O1_1010,-15.83078113,21.7805817,-10.75897748,GLY50
GLY80_M88_O1_1025,81.46380968,15.8632863,3.599244686,GLY80
AIRE_M51_O1_1005,172.2930684,-36.78913364,-2.99549668,AIR
GLY40_M60_O1_1007,-37.40400357,8.885306442,-9.637365178,GLY40
GLY50_M79_O1_1013,-29.16312958,27.62866031,-3.48784718,GLY50
GLY80_M17_O1_1018,74.38266357,17.76384892,3.65773352,GLY80
GLY30_M28_O1_1004,-43.80815166,-7.191911141,-5.462543528,GLY30
GLY70_M47_O1_1017,55.50546994,23.8630172,-1.017470728,GLY70
GLY30_M48_O1_1004,-38.75383727,-6.261724246,-7.490579465,GLY30
GLY70_M43_O1_1017,40.24124649,26.64367513,-0.056566853,GLY70
GLY60_M87_O1_1014,-8.358149676,33.7391549,0.445112652,GLY60
GLY10_M36_O1_0930,-44.02673322,-28.76443443,0.652085098,GLY10
AGUA_M69_O1_0929,-43.13035676,-38.51875444,3.094773851,WATER
AGUA_M22_O1_0928,-45.42989262,-37.54528151,7.588715642,WATER
GLY10_M49_O1_0930,-43.14954402,-29.8813763,0.771821605,GLY10
GLY10_M43_O1_0930,-43.1423749,-28.95545451,0.473873722,GLY10
GLY60_M55_O1_1014,-8.670490133,34.47925007,1.121383882,GLY60
GLY80_M38_O1_1021,81.66659573,14.29510245,0.244414781,GLY80
GLY60_M24_O1_1014,-4.315614641,33.88365593,-0.979719851,GLY60
GLY80_M59_O1_1021,87.88682679,12.28579095,0.458277761,GLY80
GLY30_M87_O1_1005,-34.2909883,-5.57641028,-10.82133222,GLY30
GLY30_M59_O1_1004,-38.13258749,-6.098401219,-7.921475623,GLY30
GLY40_M28_O1_1006,-32.28582588,9.694407285,-12.02388632,GLY40
GLY40_M43_O1_1007,-37.97680645,8.238351647,-8.553716698,GLY40
GLY80_M46_O1_1021,85.49785227,13.13497443,0.367413243,GLY80
GLY10_M69_O1_0930,-40.2814237,-28.49222467,-1.594909643,GLY10
GLY10_M27_O1_0930,-63.89548105,-37.33935753,16.11050617,GLY10
GLY70_M39_O1_1017,47.32414668,25.47607699,0.076180964,GLY70
GLY10_M94_O1_1003,-36.93908389,-30.75728323,-2.551749933,GLY10
GLY80_M91_O1_1025,81.22523023,16.17990207,4.387272346,GLY80
GLY30_M74_O1_1005,-41.3768603,-5.858132691,-6.706053252,GLY30
GLY50_M39_O1_1010,-22.45991968,24.44223994,-5.73635254,GLY50
GLY70_M74_O1_1018,40.45608378,30.23945005,5.115132762,GLY70
GLY30_M19_O1_1004,-37.51586914,-4.004965124,-8.404657452,GLY30
GLY80_M54_O1_1021,85.87555786,13.6439408,-0.155338184,GLY80
GLY60_M3_O1_1013,-11.47854384,32.47591556,-0.700056113,GLY60
GLY20_M90_O1_1004,-40.13522283,-19.30670486,-4.570401445,GLY20
GLY10_M80_O1_1003,-36.13773032,-30.05098537,-3.65537797,GLY10
GLY60_M34_O1_1014,-7.905080048,33.28383236,-0.544029896,GLY60
GLY40_M94_O1_1007,-26.18380529,12.25410317,-13.89890824,GLY40
GLY80_M3_O1_1018,76.07074397,18.26974858,3.985272241,GLY80
AGUA_M37_O1_0928,-50.25268371,-37.79247663,10.04975588,WATER
AIRE_M90_O1_1018,167.5847594,-32.86023816,-1.291166204,AIR
GLY10_M23_O1_0930,-48.98279309,-31.68865079,4.732004258,GLY10
GLY70_M8_O1_1017,36.2649882,30.72031614,3.949104163,GLY70
AIRE_M63_O1_1007,171.1437008,-35.11916805,-2.125561127,AIR
AGUA_M43_O1_0928,-47.98231974,-37.43838525,8.16471545,WATER
GLY20_M69_O1_1004,-36.1688013,-17.90316131,-6.916915599,GLY20
GLY10_M37_O1_0930,-44.88492975,-29.16754148,1.345130983,GLY10
AIRE_M79_O1_1014,164.5349843,-31.70697238,0.075545391,AIR
AGUA_M42_O1_0928,-50.56045148,-38.4060165,9.897128217,WATER
AGUA_M84_O1_0929,-45.77385938,-40.38780041,5.23010254,WATER
GLY70_M59_O1_1017,45.68602137,25.8667689,-0.141925675,GLY70
GLY80_M63_O1_1025,81.72609401,15.85545778,3.035880673,GLY80
GLY60_M49_O1_1014,-2.424031049,33.58154131,-1.568235301,GLY60
AGUA_M83_O1_0929,-44.56384554,-38.92604065,4.002140105,WATER
GLY70_M23_O1_1017,50.80388531,24.69276323,-0.642921044,GLY70
GLY40_M18_O1_1006,-37.74725395,9.283726446,-8.365027299,GLY40
GLY10_M51_O1_0930,-36.56117304,-26.79948018,-3.720181985,GLY10
AIRE_M3_O1_0928,161.037631,-29.50620488,0.416973397,AIR
AGUA_M4_O1_0928,-54.6805359,-38.48105823,13.23387879,WATER
GLY80_M13_O1_1018,73.5147804,18.47419703,3.063646986,GLY80
GLY30_M77_O1_1005,-37.16157301,-5.940327505,-9.261386323,GLY30
GLY80_M42_O1_1021,78.59273194,15.46687067,0.102102036,GLY80
AIRE_M69_O1_1010,173.2117151,-34.00026958,-4.641320271,AIR
AIRE_M66_O1_1010,174.6384487,-37.12808159,-3.398986321,AIR
GLY30_M57_O1_1004,-36.92019594,-6.37835946,-8.981568576,GLY30
GLY70_M91_O1_1018,33.2488099,32.19878978,5.562971701,GLY70
GLY70_M87_O1_1018,32.18697587,32.14440794,5.125471991,GLY70
GLY10_M12_O1_0930,-43.30110224,-33.72907138,1.904832062,GLY10
GLY70_M42_O1_1017,39.90132419,26.37348821,0.35887081,GLY70
AIRE_M97_O1_1025,168.2174886,-33.5672621,-2.055254528,AIR
GLY60_M64_O1_1014,-9.310423062,34.02566341,0.732494658,GLY60
AGUA_M55_O1_0928,-48.26090493,-35.9745162,7.882533885,WATER
GLY10_M26_O1_0930,-45.0637862,-29.01672027,2.765466045,GLY10
GLY10_M79_O1_1003,-28.75753909,-26.97213225,-8.776039456,GLY10
GLY10_M54_O1_0930,-49.09796191,-31.48220574,4.773962891,GLY10
AGUA_M34_O1_0928,-49.95925034,-36.58819662,9.639224937,WATER
AGUA_M93_O1_0930,-44.09354078,-38.2866154,4.22450013,WATER
GLY50_M48_O1_1010,-19.98741879,24.21510239,-6.990504622,GLY50
GLY60_M25_O1_1014,-1.29258523,33.87451945,-1.481948955,GLY60
GLY20_M3_O1_0930,-44.04674253,-18.59773581,-1.577097528,GLY20
GLY60_M19_O1_1013,6.577404702,33.95773321,-2.548197778,GLY60
GLY20_M38_O1_1003,-45.14349117,-18.78381624,-1.067000491,GLY20
AGUA_M91_O1_0930,-42.28644747,-37.49293694,2.679756315,WATER
GLY30_M95_O1_1005,-39.02270005,-7.058453993,-7.760114738,GLY30
GLY50_M2_O1_1010,-21.22840688,21.70534342,-8.826116344,GLY50
AIRE_M83_O1_1017,164.8400173,-31.88675537,0.881391707,AIR
GLY80_M47_O1_1021,79.05879837,16.06079507,0.644175032,GLY80
GLY30_M13_O1_1004,-40.6209453,-7.750014202,-6.495760847,GLY30
GLY30_M50_O1_1004,-44.38907947,-7.631869602,-4.326705786,GLY30
AGUA_M76_O1_0929,-41.46484182,-37.74741238,2.407633464,WATER
AGUA_M49_O1_0928,-47.84102787,-37.27736023,8.751600468,WATER
GLY80_M5_O1_1018,76.66370831,17.71498726,3.855803953,GLY80
GLY50_M77_O1_1013,-31.23428567,28.25858898,-2.239464868,GLY50
GLY50_M29_O1_1010,-18.18583383,20.90596357,-9.827800813,GLY50
GLY70_M36_O1_1017,44.15786077,26.01717648,-0.383043816,GLY70
AIRE_M72_O1_1013,159.9957525,-28.43595912,1.424114372,AIR
AGUA_M92_O1_0930,-43.65241405,-38.98926796,3.880515543,WATER
